[
  {
    "line": 1,
    "elements": [
      {
        "line": 10,
        "name": "Verify With Valid Credentials",
        "description": "",
        "id": "login-test-of-orange-hrm;verify-with-valid-credentials;;2",
        "type": "scenario",
        "keyword": "Scenario Outline",
        "steps": [
          {
            "result": {
              "status": "skipped"
            },
            "line": 3,
            "name": "Launch the Application In Local Evnironment",
            "match": {
              "location": "dataTableWithExamble.launch_the_Application_In_Local_Evnironment()"
            },
            "keyword": "Given "
          },
          {
            "result": {
              "status": "skipped"
            },
            "line": 4,
            "name": "Enterd the  \"Admin\" and \"admin123456\"",
            "match": {
              "arguments": [
                {
                  "val": "Admin",
                  "offset": 13
                },
                {
                  "val": "admin123456",
                  "offset": 25
                }
              ],
              "location": "dataTableWithExamble.enterd_the_and(String,String)"
            },
            "matchedColumns": [
              0,
              1
            ],
            "keyword": "When "
          },
          {
            "result": {
              "status": "skipped"
            },
            "line": 5,
            "name": "Click the Returns Key",
            "match": {
              "location": "dataTableWithExamble.click_the_Returns_Key()"
            },
            "keyword": "And "
          },
          {
            "result": {
              "status": "skipped"
            },
            "line": 6,
            "name": "User could see the Home page",
            "match": {
              "location": "dataTableWithExamble.user_could_see_the_Home_page()"
            },
            "keyword": "Then "
          }
        ]
      },
      {
        "line": 11,
        "name": "Verify With Valid Credentials",
        "description": "",
        "id": "login-test-of-orange-hrm;verify-with-valid-credentials;;3",
        "type": "scenario",
        "keyword": "Scenario Outline",
        "steps": [
          {
            "result": {
              "status": "skipped"
            },
            "line": 3,
            "name": "Launch the Application In Local Evnironment",
            "match": {
              "location": "dataTableWithExamble.launch_the_Application_In_Local_Evnironment()"
            },
            "keyword": "Given "
          },
          {
            "result": {
              "status": "skipped"
            },
            "line": 4,
            "name": "Enterd the  \"Admin\" and \"admin12345\"",
            "match": {
              "arguments": [
                {
                  "val": "Admin",
                  "offset": 13
                },
                {
                  "val": "admin12345",
                  "offset": 25
                }
              ],
              "location": "dataTableWithExamble.enterd_the_and(String,String)"
            },
            "matchedColumns": [
              0,
              1
            ],
            "keyword": "When "
          },
          {
            "result": {
              "status": "skipped"
            },
            "line": 5,
            "name": "Click the Returns Key",
            "match": {
              "location": "dataTableWithExamble.click_the_Returns_Key()"
            },
            "keyword": "And "
          },
          {
            "result": {
              "status": "skipped"
            },
            "line": 6,
            "name": "User could see the Home page",
            "match": {
              "location": "dataTableWithExamble.user_could_see_the_Home_page()"
            },
            "keyword": "Then "
          }
        ]
      },
      {
        "line": 12,
        "name": "Verify With Valid Credentials",
        "description": "",
        "id": "login-test-of-orange-hrm;verify-with-valid-credentials;;4",
        "type": "scenario",
        "keyword": "Scenario Outline",
        "steps": [
          {
            "result": {
              "status": "skipped"
            },
            "line": 3,
            "name": "Launch the Application In Local Evnironment",
            "match": {
              "location": "dataTableWithExamble.launch_the_Application_In_Local_Evnironment()"
            },
            "keyword": "Given "
          },
          {
            "result": {
              "status": "skipped"
            },
            "line": 4,
            "name": "Enterd the  \"Admin\" and \"admin1234\"",
            "match": {
              "arguments": [
                {
                  "val": "Admin",
                  "offset": 13
                },
                {
                  "val": "admin1234",
                  "offset": 25
                }
              ],
              "location": "dataTableWithExamble.enterd_the_and(String,String)"
            },
            "matchedColumns": [
              0,
              1
            ],
            "keyword": "When "
          },
          {
            "result": {
              "status": "skipped"
            },
            "line": 5,
            "name": "Click the Returns Key",
            "match": {
              "location": "dataTableWithExamble.click_the_Returns_Key()"
            },
            "keyword": "And "
          },
          {
            "result": {
              "status": "skipped"
            },
            "line": 6,
            "name": "User could see the Home page",
            "match": {
              "location": "dataTableWithExamble.user_could_see_the_Home_page()"
            },
            "keyword": "Then "
          }
        ]
      },
      {
        "line": 13,
        "name": "Verify With Valid Credentials",
        "description": "",
        "id": "login-test-of-orange-hrm;verify-with-valid-credentials;;5",
        "type": "scenario",
        "keyword": "Scenario Outline",
        "steps": [
          {
            "result": {
              "status": "skipped"
            },
            "line": 3,
            "name": "Launch the Application In Local Evnironment",
            "match": {
              "location": "dataTableWithExamble.launch_the_Application_In_Local_Evnironment()"
            },
            "keyword": "Given "
          },
          {
            "result": {
              "status": "skipped"
            },
            "line": 4,
            "name": "Enterd the  \"Admin\" and \"admin123\"",
            "match": {
              "arguments": [
                {
                  "val": "Admin",
                  "offset": 13
                },
                {
                  "val": "admin123",
                  "offset": 25
                }
              ],
              "location": "dataTableWithExamble.enterd_the_and(String,String)"
            },
            "matchedColumns": [
              0,
              1
            ],
            "keyword": "When "
          },
          {
            "result": {
              "status": "skipped"
            },
            "line": 5,
            "name": "Click the Returns Key",
            "match": {
              "location": "dataTableWithExamble.click_the_Returns_Key()"
            },
            "keyword": "And "
          },
          {
            "result": {
              "status": "skipped"
            },
            "line": 6,
            "name": "User could see the Home page",
            "match": {
              "location": "dataTableWithExamble.user_could_see_the_Home_page()"
            },
            "keyword": "Then "
          }
        ]
      }
    ],
    "name": "Login Test of Orange HRM",
    "description": "",
    "id": "login-test-of-orange-hrm",
    "keyword": "Feature",
    "uri": "dataTableWithExamble.feature"
  },
  {
    "line": 1,
    "elements": [
      {
        "line": 2,
        "name": "Verify With Valid Credentials",
        "description": "",
        "id": "login-test-of-orange-hrm;verify-with-valid-credentials",
        "type": "scenario",
        "keyword": "Scenario",
        "steps": [
          {
            "result": {
              "status": "skipped"
            },
            "line": 3,
            "name": "Launch the Application In Test Evnironment",
            "match": {
              "location": "SendTheValuesWithHeaderDef.launch_the_Application_In_Test_Evnironment()"
            },
            "keyword": "Given "
          },
          {
            "result": {
              "status": "skipped"
            },
            "line": 4,
            "name": "Enter the  userName and Password",
            "match": {
              "location": "SendTheValuesWithHeaderDef.enter_the_userName_and_Password(DataTable)"
            },
            "rows": [
              {
                "cells": [
                  "UserName",
                  "Password"
                ],
                "line": 5
              },
              {
                "cells": [
                  "Admin",
                  "admin123"
                ],
                "line": 6
              }
            ],
            "keyword": "When "
          },
          {
            "result": {
              "status": "skipped"
            },
            "line": 7,
            "name": "Click the Login Button",
            "match": {
              "location": "SendTheValuesWithHeaderDef.click_the_Login_Button()"
            },
            "keyword": "And "
          },
          {
            "result": {
              "status": "skipped"
            },
            "line": 8,
            "name": "User can see the Home page",
            "match": {
              "location": "SendTheValuesWithHeaderDef.user_can_see_the_Home_page()"
            },
            "keyword": "Then "
          }
        ]
      }
    ],
    "name": "Login Test of Orange HRM",
    "description": "",
    "id": "login-test-of-orange-hrm",
    "keyword": "Feature",
    "uri": "dataTableWithHeader.feature"
  },
  {
    "line": 1,
    "elements": [
      {
        "line": 2,
        "name": "Verify With Valid Credentials",
        "description": "",
        "id": "login-test-of-orange-hrm;verify-with-valid-credentials",
        "type": "scenario",
        "keyword": "Scenario",
        "steps": [
          {
            "result": {
              "status": "skipped"
            },
            "line": 3,
            "name": "Launch the Orange HRM Application",
            "match": {
              "location": "SendTheValueWithOutHeaderDef.launch_the_Orange_HRM_Application()"
            },
            "keyword": "Given "
          },
          {
            "result": {
              "status": "skipped"
            },
            "line": 4,
            "name": "Enter the below userName and Password",
            "match": {
              "location": "SendTheValueWithOutHeaderDef.enter_the_below_userName_and_Password(DataTable)"
            },
            "rows": [
              {
                "cells": [
                  "Admin",
                  "admin123"
                ],
                "line": 5
              }
            ],
            "keyword": "When "
          },
          {
            "result": {
              "status": "skipped"
            },
            "line": 6,
            "name": "Enter the Login Button",
            "match": {
              "location": "SendTheValueWithOutHeaderDef.enter_the_Login_Button()"
            },
            "keyword": "And "
          },
          {
            "result": {
              "status": "skipped"
            },
            "line": 7,
            "name": "User able to see the Home page",
            "match": {
              "location": "SendTheValueWithOutHeaderDef.user_able_to_see_the_Home_page()"
            },
            "keyword": "Then "
          }
        ]
      }
    ],
    "name": "Login Test of Orange HRM",
    "description": "",
    "id": "login-test-of-orange-hrm",
    "keyword": "Feature",
    "uri": "dataTableWithOutHeader.feature"
  },
  {
    "line": 1,
    "elements": [
      {
        "line": 2,
        "name": "Expression Scenario",
        "description": "",
        "id": "learning-regular-expressions;expression-scenario",
        "type": "scenario",
        "keyword": "Scenario",
        "steps": [
          {
            "result": {
              "status": "skipped"
            },
            "line": 3,
            "name": "I have 10 rupees",
            "match": {
              "arguments": [
                {
                  "val": "10",
                  "offset": 7
                }
              ],
              "location": "expressionsStepDefinitions.I_have_rupees(int)"
            },
            "keyword": "Given "
          },
          {
            "result": {
              "status": "skipped"
            },
            "line": 4,
            "name": "I got 6.0 CGPA",
            "match": {
              "arguments": [
                {
                  "val": "6.0",
                  "offset": 6
                }
              ],
              "location": "expressionsStepDefinitions.I_got_CGPA(float)"
            },
            "keyword": "Given "
          },
          {
            "result": {
              "status": "skipped"
            },
            "line": 5,
            "name": "Iam is Yunger than \"Revathi\" and elder than \"guna\"",
            "match": {
              "arguments": [
                {
                  "val": "Revathi",
                  "offset": 20
                },
                {
                  "val": "guna",
                  "offset": 45
                }
              ],
              "location": "expressionsStepDefinitions.Iam_is_Yunger_than_and_elder_than(String,String)"
            },
            "keyword": "Given "
          }
        ]
      }
    ],
    "name": "Learning Regular Expressions",
    "description": "",
    "id": "learning-regular-expressions",
    "keyword": "Feature",
    "uri": "expressions.feature"
  },
  {
    "line": 1,
    "elements": [
      {
        "line": 16,
        "name": "Verify With InValid Credentials",
        "description": "",
        "id": "verifytheloginpage;verify-with-invalid-credentials",
        "type": "scenario",
        "keyword": "Scenario",
        "steps": [
          {
            "result": {
              "status": "skipped"
            },
            "line": 17,
            "name": "user is on Login page",
            "match": {
              "location": "Login_Test_Definitions.user_is_on_Login_page()"
            },
            "keyword": "Given "
          },
          {
            "result": {
              "status": "skipped"
            },
            "line": 18,
            "name": "user Entered the \"Admin\" and \"admin123\"",
            "match": {
              "arguments": [
                {
                  "val": "Admin",
                  "offset": 18
                },
                {
                  "val": "admin123",
                  "offset": 30
                }
              ],
              "location": "Login_Test_Definitions.user_Entered_the_Username_and_Password(String,String)"
            },
            "keyword": "When "
          },
          {
            "result": {
              "status": "skipped"
            },
            "line": 19,
            "name": "Clicks On the Login Button",
            "match": {
              "location": "Login_Test_Definitions.clicks_On_the_Login_Button()"
            },
            "keyword": "And "
          },
          {
            "result": {
              "status": "skipped"
            },
            "line": 20,
            "name": "User Should navigate to Home Page",
            "match": {
              "location": "Login_Test_Definitions.user_Should_navigate_to_Home_Page()"
            },
            "keyword": "Then "
          }
        ],
        "tags": [
          {
            "line": 15,
            "name": "@NegatvieScenario"
          }
        ]
      }
    ],
    "name": "VerifyTheLoginPage",
    "description": "",
    "id": "verifytheloginpage",
    "keyword": "Feature",
    "uri": "loginTest.feature"
  },
  {
    "line": 2,
    "elements": [
      {
        "line": 3,
        "name": "Open google website and search",
        "description": "",
        "id": "verifythesearchbar;open-google-website-and-search",
        "type": "scenario",
        "keyword": "Scenario",
        "steps": [
          {
            "result": {
              "status": "skipped"
            },
            "line": 4,
            "name": "user is entering the google.co.in",
            "match": {
              "location": "openGoogleDefinitions.user_is_entering_the_google_co_in()"
            },
            "keyword": "Given "
          },
          {
            "result": {
              "status": "skipped"
            },
            "line": 5,
            "name": "select the search box",
            "match": {
              "location": "openGoogleDefinitions.select_the_search_box()"
            },
            "keyword": "When "
          },
          {
            "result": {
              "status": "skipped"
            },
            "line": 6,
            "name": "Enters the search term as \"salem\"",
            "match": {
              "arguments": [
                {
                  "val": "salem",
                  "offset": 27
                }
              ],
              "location": "openGoogleDefinitions.enters_the_search_term_as(String)"
            },
            "keyword": "When "
          },
          {
            "result": {
              "status": "skipped"
            },
            "line": 7,
            "name": "Enters the returns key",
            "match": {
              "location": "openGoogleDefinitions.enters_the_returns_key()"
            },
            "keyword": "And "
          },
          {
            "result": {
              "status": "skipped"
            },
            "line": 8,
            "name": "User able to see the search results",
            "match": {
              "location": "openGoogleDefinitions.user_able_to_see_the_search_results()"
            },
            "keyword": "Then "
          }
        ]
      }
    ],
    "name": "VerifyTheSearchBar",
    "description": "",
    "id": "verifythesearchbar",
    "keyword": "Feature",
    "uri": "openGoogle.feature",
    "tags": [
      {
        "line": 1,
        "name": "@VerifyTheSearchBar"
      }
    ]
  }
]